{"file_hashes":[{"block_hashes":["CiWNeAP8+x4tRp2ijOVJuuqgY3mim84zR7+G82jpV/Q="],"block_size":4096,"path":"assets/affiliates/banners.json"},{"block_hashes":["67GtqWuUUSDCaJjnpAxnYZbPGlAnnM8ssiaqOJoBr0c="],"block_size":4096,"path":"assets/css/fonts.css"},{"block_hashes":["pjdkCKZ/AKcbinn/u8fKAdxtgXuO+ps0+JLNmrTZpXU=","Qo/XpstT6OHfPA3oo+lUDDN6NUz2Mf2cvHxZS68fjLA=","8MFqUdSh/RyzUTNEhE5MaAK9GIUxSR2udCt62YKTc9A=","EDk9uPDvJ6JBM0k0IXkGaPlGNAD1sZ2JWpHbW0EuBLs=","wiMumAWVjxTNSOUrOHlJs8b350LwijcVfb9SJYNqfE4="],"block_size":4096,"path":"assets/css/popup.css"},{"block_hashes":["4ICwLqfZPnUCqY0fPAF1Zp15PC/ObPv0R9Z3zFPb/g4=","bT+Mt1B90LEdhYHtQr3xMsnirGywio1YErUnmlfbNxk=","splen8TXR/9TOo9bcQ6a5MD3kcj2YVr68OkCfM6/T0k=","6zvWmFJ5CIgMjHdsoZMCd2cGoOwj/dvqWutvT0Ex+cs="],"block_size":4096,"path":"assets/css/settings.css"},{"block_hashes":["DjYbVVi3P288dl/iMceQgaLWo4OoIhhHpmuZWWJ/YJA="],"block_size":4096,"path":"assets/css/views/buttons.css"},{"block_hashes":["JMDc6x3brgZAe6R3FGAxVAoXMOToHYXqD/ck7EEZkqk="],"block_size":4096,"path":"assets/css/views/icon.css"},{"block_hashes":["KKyKf6G70zo13TepwoFHXfletHboF+sjeOOkRYi2tXA="],"block_size":4096,"path":"assets/css/views/modal.css"},{"block_hashes":["47DEQpj8HBSa+/TImW+5JCeuQeRkm5NMpJWZG3hSuFU="],"block_size":4096,"path":"assets/css/views/numeric-input.css"},{"block_hashes":["7c9fleFY5b4VGj+xCz33c4fl7mu80baCwGM3js5OLYU="],"block_size":4096,"path":"assets/css/views/preset.css"},{"block_hashes":["pMpx8kuGFA5wI7IbHpj2mAJ2TDuSQTZTrr6+G0hRENo="],"block_size":4096,"path":"assets/css/views/status-toggle.css"},{"block_hashes":["d789kGWPRI+BT8Zl9q9PbuqpHqwUApGgljESE+/zMXc="],"block_size":4096,"path":"assets/css/views/toggle-control.css"},{"block_hashes":["A/kpCbtEfhPHaKybhHhqZ2q39qX+EssReKyJ4hAYcKo=","AcFBD1kCJFt+Ae8R5rfVfofo/FwOh7CfqMBy+AcWOWE=","8vRftfNc5AFz7b93Dx2g9T4C6fMf0zxt38wCkc68pNc=","QnG/5QkuGzEpgI7DFXPl+a+yTXg0n4oE2kernDYnLsk=","Ic5MVixygLDfrnsufdlWCvmZ8iKWK3iWWWSMPTiTfZI=","6LTbk3dRl36QneiP0rl7CywFfhfxk6zha4yWnhBW4JU=","Hm38vkQwiAGp7K61o03Rb5Qy9IzoxXULRncgSw9RRIo=","GeiCyfAuW7S/UMZDrRHQvHgqyenZaaXKHgDOj6Zenyg=","09rmj/rv+PPlW41aAWvWFIMG8QRRm14+JXUCVQGDmxo=","q0LpgwZOl3pUw54jMYcKiuEcQOAXu1wRRHoNHjMckYs=","41CnCZOQ2lUECXM75T3Ey9QoBuNXqmAgyJ8SC2zZ2rU=","sa1VdqV49NAbDK/1f32hdmUD7vjC1CBY8cqSZMpXE4c=","piRan5dMMaByhwtxQE7eC4LraHag6DE9BC4AEP0gL1c=","DoZklYBrcvPZLpTiMkZZS24a7qFy9QVe4esQQxCLfKM=","jEKJkqTlesxhpAUXep5cubetnex3Fb/JNeNWqwyYQlc=","zTfVW1gwoZbaudJcUY+XP0WGN5+F4CNd8DBW1ebMcKM=","EVGNEC4H0xNJAMhjZRrlLDMYUzgkFBa51sPh72I3uTM=","7tGPOfGgehWNXpANTpFun7+oBqcPv0w+UCOhaWNTd18=","JErarorlEBXNWybhKwmM6B6y0kmRT1FACahuPccYXwU=","VKvdYqwg2+YXPr3XBKi13k7Hz4Hq4W4Rv1CaTbOaYR0=","GyPcQtrhMttHS1ZmxNDp6S/IuY8zoVuOUHfgVElrQkk=","YXoo6YP2xCDpMLHLx49xF091CwdN3z4kmXV1IraOWs8=","AcNI6N7V1/GZ5jWLgaDl2OyG6BH300AzEMbbDxYrglE=","Ds73+UGVm6OOKRuB7Cil69o9tWMh2u22VEmiEhGwiwA=","+bZuxz9NdkVo+vJEonK6frcjuR1lNfYyOP0rqESCxNU="],"block_size":4096,"path":"assets/fonts/lato-black-italic.ttf"},{"block_hashes":["vn8nTZFV3OaynL+Isyd+D8qqqtN6nSpM9ux2UMQq/hU=","un4OUEVlZObYIwfE5Gb2MiyLy0mbwb8fIAOXZpJLe4Q=","sQXzsHecGEMt+XjFnCcVxAINYTGETrKKc4grAdVq6Fo=","ywCHKsOtWttEMR7v0J72zsLPcK9PFOmNAcFi/ovGNmA=","us1Kpc0uZ7qa8gi63tAzeXVxEZz9H5BqZe9dLw5Yy6k=","WG5edcyptlgc33VuYAp+31YXFYUHAYFwZjwQBsqwC5w=","gCXmBaXzUJELmqpnRyk+29sP7myiEEkxb5ezC+P6Ik8=","966S6SCHigGQ21YQKyi5J0LVdrD3iPIOJVYMwoo7f64=","rR6zqpEFerzvGO9S30XXzUPk3Gj3Q8gF3/K0rngk60E=","43jDgApRe0U0pDymiw3EgJusgVmFPXTKn5HsUa4l5hk=","nO0eP1/QmvJavCaUAIlHazpdzMjDyEx8WSDePmO04Hg=","WaVf1ZMTt8Tt8LyR09+vHO4LlPgU/0ONz8TRFDnw7Wo=","J9kdfs5S8tR8EwqehdMuYzB3lBiVd29c7rwUDZ1/wwI=","6lFp/R3jAsfyQiQ6L4Fm0fzX03pY1uH4AAzguNHqOfA=","n7OJ7dg046goplvI0lB6/Da4gu1JUAbE9yCA3I9cNio=","n8K377QhQmzYq6v5BhNZkHkuQ+1hBk2EqdF1945gZEw=","ao00azgCf55iKCvYH1s5Dp/ORWUHiVUKjlnIXF8rzKk=","Cae8AQEaBRqjz1Ydgm6Ti4AAl9HAMWcwF1UyXFImcvI=","mz9CqN1O21a/YfHERKfFrVRRc8tzbYSyOOVl27YHbDc=","jqj3al+btKAn9xxz+pbIXsqZ/F/bqMJ68LGeKvfpByY=","aiDaqNdRhWvC8fcmkIlDkpZ8MdvcnE029W3pr90ySBk=","xvhNtSUaZKCyTTl6NyJVm3b1ijRFFaKzBpASdVD+SeU=","ZngMXeszdGDWEk7BQhZx3N6nGINUWXgN0ZT5gbi/9uY=","s/RFiF7u5ZQCJKjrT/FV1nU36dzg8lGb1mQ/dmuqoOY="],"block_size":4096,"path":"assets/fonts/lato-black.ttf"},{"block_hashes":["sc5vRfOOK62Rimumr9C9YdO25k8vYxLeFDcir9PplNo=","3VMQs8U3oXhMh/2vx6Bly/J1XkXCs2Aenga05x+bEfw=","LJHLQ8HLQlziGg+p0BMan3hBg9GNlfmgFUBCBrQxMsc=","ODlrlR/u6IW7PepnWY8H5DFgq0X1tBB/a7av/0128Ao=","UUVPlmSyBgd2chQQ2Zr6BDAJFkYlyDt3MRzlSjFzubM=","qn2u0t/5XZ7/IBDRkMITvH/Ozvm0t0GhDlFJWPAmS5s=","ZwenW6qZ0DnEfgnOAB3AGVuI+J/A04PrleCtn/0ZiHg=","LOjeiCfuctc1qGAHOG0CmPy7M3N/7eEUjArMLFyesTM=","AVt5nP8kSe+MgdGTbUw0LqPoTfgX0YJFJJd8GyUw/aI=","eTYYLTRVAZbhG5159LrRvRHNPSn42n7a5CIR9K4WvTM=","hfaMNSQZLH9Bfvy5XX/xiJjbxqzEMYwCTKEUC/ti7so=","XonJIIxWBwSYVQBoHZ1KvvRFW4d4P5N80w7y7zIDRvc=","cHNG0EB1CUD102rCW2xBo+dCHf15qzgGEYGCel8WC5Y=","kuDs/lGxmHo6uMAYUZvXAofbuveUjoRj+6FYZa0VYJU=","7RMb4ciqHVBxJmqBqjQj7soVWvBYWcexjCZ/rc/Riko=","rqEQEfckrpmDGl/J+mDoI+++IoWoaAbDYUj+CKtIR48=","8XsPHwlM4Jsr2pmHJ9u38SVMvQ/xhOmcegYOu646+j8=","DdtSoemT42v3NAYhGT/YCwZUyaVZTqyhwgeScNLFQgI=","Uf76DVI4XEez6UCF3OwmzGGVl5ZfvQ5NXNmIhTdhtFE=","lO2ahj0gn5QddPGfDZFmW5vIPgEw9jqUhjAaNw/34zI=","eIeGWFLs2GWYPJ5QiNlgCNtQjqHzQoSRsfOUQ9XkYZ8=","KZLasEdCX4tNDejR2We+3wSDDCzHygqMrv6YwnZOHGQ=","9lsxHWTXiLfk0OHDYqBlx48DuLGErqXxZxTBUNXUeOA=","sE8uJvR8y6FlymHmgMngegOLTJhxfUe1E+The33WDMM=","7b6jpp4eQR07YF+jaLJFxMw5XigoZTB5POyM8MZKIC8="],"block_size":4096,"path":"assets/fonts/lato-bold-italic.ttf"},{"block_hashes":["iimC19G7RZ1z83ksStgRObjCJ7LJTUM+gZ2BEiWyEFU=","t9bnwPV9CGEE5rLoAJ27lLnAod71/nDazXlpStj4tBY=","18OyVkCYzMdu9sMBaC+6AySJ+hZVBbeWxyUpep0VAG8=","Gd2Fe4A1XEKVLG477rzT1qE8LuAft5wOy3NjCXWMkwI=","8GD3IsLDRmfKn6sR2F0FVX1DDtNzEGwDqHBRKufnkSk=","nyZPKDbFtwqZWiOy7G2DqeeL9+hOMH5sjHaeDgpU3lk=","6o40fmY4KDKTPz0R5x8ef24rADnUURR8Nz43m9zw+MQ=","jYNkgWAGz2X6PY+8RBAMLqV23Cd1Do5wCcjWP4NTqQ8=","yWvIQE292bbEotnvhiMDBo6BEH52mZkMBup/Ka432LU=","3VfZKMzNNelEZNk+qfqIH84dn05d6hKEXHFHwk8w0NM=","Qe7eIU3ZHia8imXy1/JDThiOR+SMmR0hCIciKTwf4PU=","FNBEBBg1JRw5tRfYqBBhZlvCTIww719KuAht8wRU0n8=","iAgNwmxrqBaBWxa1e46EanADX87b175rKYvqSRw75ig=","zucIFLkLev+ko8mZgR0U6hWqwtNsHW/eGAafEY7dcLE=","nrrqBx/uW8NC4OS6Xr7muYCIWqv/sN2LEorSmlXcJKM=","xpKzGHmUeefyQnlpHAiInr6FSNTm4mP0CwTtSlsd74c=","t9WxcKkDUW1deQ+wFvD+DKrFUcNBRzU0WVVJ2L+guJA=","blz3Ciq6c2QRilxpYexUU2Cp3PepHh7sMRaDZWwTGvA=","2at0NBlm2oLYSf3qs/PViSUzA3cH9BjJ59MmB4/KxXU=","KWIFgu5UctjKx4DfPqYUg11Sv3YRmR05DF7W6jhQE44=","V/BfsJsX1rebjDtpJaRn3cOH9J/8YdxL/cYKhny8kRA=","xySkKJ0qeTo9cV4V4I8b2m1ZZR/ElwQy/dDE7qQrVbs=","N9q5NNwp4k11xjGTTbaznOoQSF61pvLPjOVeBc4BUJA=","dk/k6zD+xX4xZp+Q1xkej7cFxx+aE1WL9GCg+SAd8YY="],"block_size":4096,"path":"assets/fonts/lato-bold.ttf"},{"block_hashes":["o8i2/X6+O9mWfJXKoQ04jFcQ1tDi2i1fHfi0vcSCubM=","D1u2IfbTAlsUXgj9bIQfbcqIKaUP1cWbM1VWNfL83f0=","UpXmelZQty0A0ktQqeKdoZn1okntwtrpZAPcO/igfOI=","IhlHOPRngAngRA0rqWK97TrTcx++ieE7mzG98PrvFMw=","eng6vlDGibACv+P7ZwHj3lUzhqczZ0ErRVE27hXE/OE=","4F66/w+FJt7Q3250HtUU9rqctIVw1tnGIhCf41zZ0YM=","7ZCxA7IKO1Fw3Gl/OPqVMeA+r5xpeQIdGhmaQaKe3ts=","XbRCYLXx4rnqsnoCTycUfgEbq5Wh8dcj6a2moNbG64E=","gKVoiMg0ZefxxwKAUFsGIFiCF0VXUzxmNYdKf9VUum8=","4BPpoWoE9mFBcAnwggak1PM+/dZRZQHemDmiOpqu0nU=","jdAA9F60jL45BONnbT39++eW6uyzhtqiRFqNAvwjDZo=","q4/6azpIWwAAC1u7WaGyFSS0syrDOZfGbwsvbfqo7zY=","yoJ2sNUVt7gqDI7wyHPHeDK6Rikvlq8xO7P4Pk2JLKM=","ocS+9kAsXpF5osgiKEuE9MGEeP4lE0giCYdqC7Be15c=","XcBnLb/ZgOV7DsWYowE+DyjEHxdUD58s1mVioefnuDU=","C50wkzr/VQ+aYhrjoXbCa1VVK7sJXO1KQkx4wzxh5N8=","1MN0/XeYDzGf/AMjVH/y4wA0iBRbz8cPBHA0UOZybSQ=","sfOreNq3vHuVhPP8LhT+YDs3nBToMpvXhHOTkN0fbFw=","Aib4TBK9wE4f78v1Xj5pjlriurLcm4tv7sdOZSEZImc=","EP81gXFLbLhJi2FM1uSpNZiUWGCODOm4QYyIhVXUA7o=","BRxsh3zqMG8kFkJQ+lO+IhaVEpPCc9ycqDC7KX4NWkM=","N/1LhrenQvdMoMB8jlBjdbFtvCG1BaygTUqVT9Psphs=","LKwpq6yJBY2iRr8pHGeJrms41vuzOkQ5IJpddY15Gr4=","r9sJxwRGR6jAwOdnZFvpRwwUVKzvha6IIhtKhEkHFIE=","OYacsiD9s7f8kFo080Bu5I+3rXaRbUy6oLo1QvqnQlQ=","7w6mjChXfwukD+aJfAMZEt+fjWeJTN66QEI2zsOqsbw="],"block_size":4096,"path":"assets/fonts/lato-italic.ttf"},{"block_hashes":["vYcHoHqM39s2ziVgU+2yWCfQ82kIcuQ7GniKNVkjVXg=","mqpns1A87mcOz0zLS9TtKuhamqMJXX++wxrk9yBgYuM=","m+WAm5jpjhii4LBUCTGCvy5jMQbqwWF7ukBEeaJAK9E=","ok2TdyTaTwCetvNTGsxnliWFZmLK8j9+QhGDjZmbM+0=","dYhCkzdRYKqT/fzGc9EXGOdaGGM8DtESt2PJLTugYvA=","wYUoq3ZjT+axaHeh+eASS4y2EKnfVOOOPnn9ovSKNOA=","F8VoDjIk1VWgLSqjhU5tXfrEuzShOyZCPMWPcRVAyHI=","qQ+5yOvsXsd3CMAmqc9VkUUm+Xvl5CSHC2djcg7GB1c=","q0Zx5kssr1s2ol/t2Y+F3u9H2DpIyu0FlNGaCz4+pKA=","BaLaCOjDHBmkPmozqqQma0jPmoJadcpewvbqVrKPmuM=","ol5sA53qtP/oAQyiOUAeeK7kVhoF1LzP/T/3V9o/lOw=","dXH2VAgNUp7xYH2Kl+PE/5kNzMqeWB1pQwYPgAE3jcQ=","ORtA9/mOGU9gl8ZozkLlpwTSxCtSOVkDdTs699EBWHY=","yj/mJcBBRgAmZP4XfWFTxGwx80AfW/rWnxS7WJAFq0c=","bpR+VsiKiqVmQm3HyHUMnZ+c9oRB++7Wr6HuO1hABlE=","HMqrus2Y/tD6uRJee+EBUqDzSAmVjmq65kRpB2ku++4=","y8hwqVaznG1W/kg8Sb3q7R8ySruZ3glIv+xW4vDjPYM=","9VaKjg6akBSpq4dkMix9GBYF/Gi4jldmo3j/CnD/v9Y=","p8AzNh9kobIVDI2hM8OGP9YTqsgX8iKichA0BgxckfA=","MrwUnuLoaH5gu6H2doY7yC4v0iXh0ndqvrjDTUGisuE=","WFthG+AXgTPpDvfC7nS6HQHWmWmfuTwM79BcPA0sJeg=","ZxymSdHY0yCwbNYbQfRgelaE03yxxBxYrgeY5qPhhx8=","ZlhJGRQGsEpJ3Jjmm8YaUN1jQ1pz7ZVkavDFd/nTUCA="],"block_size":4096,"path":"assets/fonts/lato-light.ttf"},{"block_hashes":["uPC+W65c0h64qub2b7Bf04ZVxuksFj5WnkeE7/ZByzU=","9nLAMQnS3jhiiyLPwBGXkJNDOC6KplZYJnDfsl2lzZ8=","q25KeYeJGMIDcbP4i9ejf3AWz0Ic8xdDUIjfAHJoYSU=","WtelLS6nAT9+olI28L3YMk9IRG7FUWv+/jYIrPgBkOo=","1Yxm8S8ZsTOy2+oY6MuAsm8mI6gpERkRkczZ9Pi75iE=","/02BCiSRRNHYu0NC3RXIzMBz+eOpWyBBHPfDBN6X5+M=","n8RXg5tzD9reScEIFF3qciz383pd7ndivV5W9FyO4qw=","qZMiJs5tOnXATsj2pYsizXqXluhqeVBWPo8oKrh7DNo=","QB0mRdaLikqcy4NhqTueyXyvib2tJIuVRkc1PdywD/Q=","D8wUaSUCeFQS23/WNqZTaPsmqCtsgjevRTQoCLtZxNc=","5Z4ocOYYDRk51S+Js9ided9scQEdsbdrqa04HojFYaI=","jf0R6WeN+YuaN9xZKjKIRW53FIrMBVqlH10GaWCINrk=","vQiJdaJqomQmChvqkHUR27kIPaxhnXwTXLtZgvVNdEM=","ytaTVEQ0Ngy3T0k9VkfZduumZ/W0GbMBFjZ6UdsHGuI=","Pep59Ljd+m5R38bhlxGKU7MKvrjmd3Yu6xKUlkSOmeM=","vtLXISNsU+1/aDCZ/uV5o1EkwQBp908bHnjAI5u8PWE=","XqRcZHHBfqq8EUJSWAg6Rrc8vsEH4r0KjIt15a5Yitw=","mWSJtDPyfb+SvgLT/+jGZxJpdxN2H2XmhsxOTNJO+r0=","Oac5UgGSeQw88q73XwPBXTRjGcvCZvplIQEDaLh/7jA=","OMqnGxmekwBwMWZgp7K6Qvve/AZBetPsrmKD3GhtPhA=","WeUWhGCZNzoPwyplZIpIAH1QRY3bQiRFlzirLE9x9dM=","Otw+Nmol030ParirvDX0Elb9bjJZFjt7HABoV7auPk8=","ig/xNXy0ZRqywuqhBbmyGhgoxXbHIqX3NVZGj/ezryc=","g52P7CrFQfJY11SovuNDYXx1Xb8dpKyGJk9GsoTchMc="],"block_size":4096,"path":"assets/fonts/lato-regular.ttf"},{"block_hashes":["V6axGIOYqJMQb7BcZamF5qMVtJ77jWMXjSr78MnjFaA="],"block_size":4096,"path":"assets/icons/browser-icon-16.svg"},{"block_hashes":["Wvw7Fw0GJvTwB4L8wVqffUU53LsTyiyuoPJvafz5yh4=","64RzfNBMaXUfY5g+nqZPkcmMNro0gaA9EydVOIU8uks=","KWtKstA3d/a9JJZxT4GDKHVticTAkejZpFw33ZpLrlY=","1a7t/Vmx6SKqcmzQnZCz8PFEL0dMZ0I/KSQU7H29RHY=","ZAGHgcu6rbarIjWzEqzYb9cg8PUvKi2y/eWw8QV5dow="],"block_size":4096,"path":"assets/icons/favicon.ico"},{"block_hashes":["9vaqjZPTZT1STp63iugfzNoe4hUdA2MTnIzKp0q+PFg="],"block_size":4096,"path":"assets/icons/icon-128-alt.png"},{"block_hashes":["Wg8xJh5YMlzU5wxlqbZmLWLr+OIICgMoqDeBYM/gGcI="],"block_size":4096,"path":"assets/icons/icon-16.ico"},{"block_hashes":["oVdozQeZups4dmIcMiQLjUAoEu0RlB2nIbDGYhIQsLY="],"block_size":4096,"path":"assets/icons/icon-19-contrast.png"},{"block_hashes":["hcXHPo5jRrM7fqEBssmpIJGLbdASrWb8AyoGMExPzO4="],"block_size":4096,"path":"assets/icons/icon-19-mono.png"},{"block_hashes":["YCbl2a0x8Y6ikERLjILhLKP0AP0YQZDFd0Wzy6KvVYY="],"block_size":4096,"path":"assets/icons/icon-24-alt.ico"},{"block_hashes":["P60SFrx23lWFdFRSx5TNxhpI/qQexIdSflcI5aChUtE="],"block_size":4096,"path":"assets/icons/icon-24-alt.png"},{"block_hashes":["607wLBobmCvokWrmhtX9FfzO0MDTO1/ccQtfZ6cZmOw=","uN5BLpdB6so/HNA5h4dS5eW9T4rgVON9LH4KRhL9k2U="],"block_size":4096,"path":"assets/icons/icon-32-favicon.ico"},{"block_hashes":["gmFZaALMBR7uiXJwqxnO7AHGzi90AQHWIAA99j37uIQ="],"block_size":4096,"path":"assets/icons/icon-32-favicon.png"},{"block_hashes":["nQbBI17IxlFZ2sTwEZqZ6zrK8AxsMdFxz2jCjl5/oxA=","Ay/Sc44QKx7tjsrwnc/aR+JTzgDeONW3GKbgNyWSSj0="],"block_size":4096,"path":"assets/icons/icon-32.ico"},{"block_hashes":["sH8sVWje45NVaypn45HwRIMzsVLxZS8a7iK03zPojxM="],"block_size":4096,"path":"assets/icons/icon-38-contrast.png"},{"block_hashes":["dcmwS7Z7uaHqoSU5fspJ/QR6Pebgmq93BE6rn8aeqro="],"block_size":4096,"path":"assets/icons/icon-38-mono.png"},{"block_hashes":["A5pnwebCoAAApMYZPpW3Pw9/LHCdthL/Mn+/XMgFD1o=","su5HFaPD1w/CJvRkbVMhty/jxzfxuiZOhNXV9Pkkfwk=","rrgZcLk+Ojm3YYqFVOyb+N/F0ksHBbnj4zVUtrS5q5o="],"block_size":4096,"path":"assets/icons/icon-48.ico"},{"block_hashes":["KUbIDAZsq1LYWr91sfQMzhVydtSQ4ToInF2Q9UCVKzY=","7hWgBb1rCynf4UONAv8YTOhA36I3R/tGJe5ALTBRKgU=","e3/UGq2xd8WO5OECgcgr8KoTRKNdgyhaqG0iPQ8xXh4=","5vz6hozADKjQHRzwKnvorug+24gYdge+GUOTBH1Xnkc=","v5otOQSFpxdW0aczZEUmABD7phLaaTeAMk6oU9va2xI="],"block_size":4096,"path":"assets/icons/sprite.svg"},{"block_hashes":["DY3o/MGs3UozOIbU7GfKFuli21dO2eGBT+M9k9FrIf0="],"block_size":4096,"path":"assets/tpl/resize-tooltip.css"},{"block_hashes":["yiPsJu5Tbk0oDCMYKyOZ7aGv3+HMmDkFp+7Uhss3DBM=","OdH5ZWNFmi7xF7wkhcRcI7/uT5c+Z61uEAwFc24v7JQ="],"block_size":4096,"path":"assets/tpl/resize-tooltip.html"},{"block_hashes":["VNaBlPxUEpgrFEVX3W6mNd1jKOuOlLY4ZbjUPXrstyA=","bQGAPu1L86rxlp8sD3/sDCf0lKSIwei0VxWaUWJyZ/A=","u/gwO3NMujWzy8Bsx/FyZv2YR/UO2gNY4yRphoIrOeA=","IqNoilDxS7BK78vPHy7gLf3wZulB6z70dtA3+ZzD0xw=","9LiBw7UKAMJ8+oqVtD3tG2M/zsJmn7jeaw7xsnR68VI=","2glRx1GBHituYXkf3sDyG+5zST/N/1znpq4iXA5VxpI=","gunE/S4HdmrPFkG35hOdWXf+o4u5kcu02gN6BLrubqU=","4/U5tiSXkHcJbeDiN+aV/AewsgynP5S2zW1WNJgxJRU=","Rurtg4AJ5Xy8gVEjpUh6pA4z/WUN3bSfOkPGOfZUGwg=","hc+4D4BLiazrtY8phMTjKTjsHIq8daaeEu/KRFGq72Q=","rNtRFQtPFZ7mNYNLemau9EhWqBZatZXDVRormQDUst4=","6yP/UqgylXo9Y84xa1z7JkgrG1e9uZVAnCpeW24/5PQ=","9EjLv7zvuirBIeKGRWmDbG+WKRqa9zoCDCHIf69uPsM=","xLLzz6qkNouj5Y5bf3vKHgQCRkAh3wsharVedj/btKA=","8Cifh76vCQfVpj9CsGtqJ+G93e74hKmi0i54RGYniYk=","pB+5ICd3OopaKxpjLNUC5KPtwTQBinuWVZx3epK+CQI=","FvULl3K6swkaQ+1uq2wZXuY1kMzw12u7LLrl+VkkxXI=","gA4VmxV3Qm0M799ZFJIf6i0ug7taaPC63dqD/zdm5MA=","Yn2ZXuKd13ib5NJjjTeiMKmH/akf0o5c+kfkMcgNhnE=","4px6KjWThG7xg49b8v2XSWLypIapEXvmrMBKN1TYN8Q=","1j4+ccyHy1gFuZomCAC3nUDMeMaYKERdEAOsMeM81+I=","Lk3Ew4m7x6bgaLoo1i/iK3ocXgzvNko6E3TFEyIZD2w=","OeCT1zJri4/ukV/PDVSAzfz4mrMNzCkL/hqVEWHrkJw=","w6ee3VkSRztQAzzwZm9+jbVzabUs/uRb80wSBECj43g=","A61ixR8qHreJszNNCrJrDnZaVuz5j7/q/3O6dFxQBcc=","iw0IohZVcIHweRSB4TkJbtyGtmJARrYON/O/DcWtKP0=","EUbJbdqJqsQFkozbrfeHvD1FKv0igqv6SCFnBAiny0Y="],"block_size":4096,"path":"core/common.js"},{"block_hashes":["szth9PQIJPF9bsJ3fkDsuRFFgULN6mU0PqchJQJy5cA=","xmZcGuPh0GrqRIMM/QGJGtzVrTnMEMiggpN2jnS6hZ0=","4hkd4ojRwAaufg/+1VU1x3AS0I7JnsBa5JKvWgvtBOw="],"block_size":4096,"path":"libs/ExtAPI.bundle.js"},{"block_hashes":["orLQ0RVKgPnxJmsJFO4+glnVLy56JiRNHcBPKNQgWK8=","VcE4Mq2oOC3weBdgeWyJ9H3G2qzRLgP/HPoczeDIMCk=","hrP08giP95WY3V/k73dpJoK0CUObSaHylGkbqsql9Ds=","boM9nn2eY+3m+YJ/cMKeedwZPua6roW4zUs7CYmo9rg="],"block_size":4096,"path":"libs/Sortable.min.js"},{"block_hashes":["GnzDExJpSvoWkECgf6h8zSFmtKD2/eU6POkX5aJ0b20=","a0L+p/ZXxka1Rb+VKd52DLS/4vMeRcLz2f5Dbh9zHZY=","y66rSTtsW/LdGZX3ERzg/3lEc23aaLN27sl2JwVBT9I=","r2TvSLHPynvGTkbSQS2EbGjLFe9C/eQJADrQWCyF6kk=","7U54xHulZwvn/conDy7mOGINghLu+GDYz/rGJp+IKlM=","YpjhUsr87hLmBicrUWKaLRokt6wWd3FfgC6Db0bWKWc=","i8L2sHFrbOd2bqfV4GLcfl5Xd1AR04Us89cz7pKNutM=","+7YDVDhRzJK9uWyZ3adKgwXBd/42gS7gG1nlXvOP8II=","x14vbv4YbhGXLPTVTA1oZA8jS7yNkgkOaWVIcukg+ks=","quQsFzVsmC5lDORiXvz6DQVPaQOo8dqy2aK9c77Db3U=","JNcEinp91whMW5K1aFDc1fssWzzGX02pFr+smRCD49I=","EbhIoc+TtFzjpIMUpnW5OPbIge00VcUaT8ukyK4wpQM=","I+SI0pIjPGuHrq6WjQpDT5D7eP2boPDy68Oxojdr8Gc="],"block_size":4096,"path":"libs/rivets.bundled.js"},{"block_hashes":["Dfqd7tMJlJkhxWrC/VLMTQaCx4uzXwVqbmPH1qfRj3A="],"block_size":4096,"path":"libs/tab-nav.js"},{"block_hashes":["3RBRP5JyuZkGuq5oLaffElDloO8Mx7Zmm8e0OhiCJ0A=","+Fr080AurSHaYIgV45c2GCXOpdVkIrQRP79e4QstiGE=","9sVOj25d/JfTANTIpItMDltEoDlJz+L1NMAH2HI5Uw8=","natueUrdfCwxhPYqjnHuSAuJPnACC2YWPgPlhwJnfmE=","uwYY6papiI3tZ3Oo3sA6Vf5twdKsvh+FJ9RwsqNU7Wc=","6WxAngGSIYGZGlB8W77MqotFNjzzA3QwWYruBcYBgeI=","GIWfoLCH/hiA+cvFhgNqktVHadUAtxP+LOOiRx3Ef1I=","o/eAgtmTMmjGgBQbsvyfJNdwOaNinDNOeTvlX2Z4amU=","f1Jsq9rtNgO3+nfQhfQDA3VUJARC7IK1tP7/VCJZtK0=","TI2Mgy/J5IplVBH6Et6DlcFpTdz20+VvkVTuwOiC/YI=","3o5PifCvEqZto2+p0Zxkp/DgzddXtEdl50tmanfj+Pw=","sKg64KL4qlxlKEJzF7rytdTaCIIUks7TfKgQir2zfHY=","alFNCWcku92N0OnXXAZdTmFZCyFzDTkcLTpBo/POO/Y=","omoP16S6bvhgjvgJPzL8DuQnDZV7jeN7WKM0JBno7tU=","GaOpFTa9bH/NH3ZazbNObHynmZQLkHFOyAfEbJU51YE=","3L37BSJJePfNkxrvG6QbdhSImPai2b05QPflDJJXx6g=","DJct2kvSvutPCfzSpjr0qFdvvxfpGJ41d28RraL5M9E=","XiyBD/86twBzb6EzS2YmdGHMzlrIhIOCxJNSeGzL67c=","R3BdvYKl+kdhbAwL77C6qJWmRDfrMjtBAEEmoxpAcc8=","acYgDOkM5kTGc3K8kwhCFYXF+Z9ZcKlAScrITKg9bQk=","fX/2lsbMUolz/Cxlmbis+nAKt8GzpDzG2h8lMuekrXk=","M60rKPxSCecMsHNLySIhwqI1EZ8GL+aoF5Ad8WF8kGo=","vxobHHNK+rCSu7/qGr0uFJg4T/4u9wRKb2utxy+gKIU=","to7jp4Fh3MfqfptC4sRi9j1JcYL0qbpKi/E/nKonfk8=","cusaTfMhbebLjQHUxu6Q/9F9/risK4BOlSSSdNjSKKk=","oFYdZ0XewuIX9BFn2tT3O44RAAxIkj4ALNkgPh2Tmv8=","qxGEVr+UDf3+m5EV8dej0cBr0wqEF1rltusyBLiVAaQ=","gptmZl2PP9B0guLzaewypd/mnYKf1A/rgE77R2wsT3c=","A2Uidfl5KhJ71oJUg5ZLHdtX0uGhmIFASo0BuMW1WN4=","tfJlbZv83w8DdveSsShFVSTbIVWC1992iTLlaQNbKyU=","l/k/Q4vNBuavvqtKWI/L6SiPU1g2SAmgvLrjiD/zXpk=","+01xbjHgjP/C50VBpCYJSrAqggn+HAGbuww7wM7WoMM=","bjYi0AtjFoklUM9mbuxahcsXrnHXeoqQJqmntPZLRTM=","eBtljoyPFMurdswOy6mIhtL3SQ8wf783HVyBlkwXFXI=","+yZfoEkzrbFRESCyIprd3afJpyw7D4Sj8y0QenfEYLc=","QnT6xlgrEwlTQLCfPqy5EcH7W0sukjw2pBziu2YWXow=","kXuRqr3Kj9bosN9+pHvhW4SFAHLiI2KnV9IORourueE=","4DjbMBIZRwlifwv6eIpze2piKD0bRaWwy9QHxCA21js=","S05gGWmuYUTIMFbF7P6S5ynthKW4WJCnI+3ipoGuPNs=","u8eRsuhh31x7Ib+q0qBpco2cTSOTh2h4TAkQsvbRn1I=","9KhPVqe5NvXaoW4em29NXgcRgi+V47tRgI/NFFW+Pyg=","GB+yK0teR498JoCREJpL4kkh8+ugeIa2AvzI+FqgLdg=","prgkWsnv9kjMapAGSNkt9nTd3LuNhHexBgqYXfGJbwU=","cYkEH1xvjZRQZ/U8AazBN8bqPhEvOIAKi9U76zCDZxM=","IUHAUxH/isBZrXSiYJQLKP2xQMUmABmHz3wOHv0hM0Q=","8iJLjSRo/c/EfvRX7MtAt0DQHhS94OcAsC2LYoNYo/s=","hUJMSGmNZ3SGtt9PVz9dHMOF+MDTGObiIRHzVEQOhpE=","VxPah1OGkZUuO4q5TTTNVqs/c4q8yMH3Yah4EOjev9k=","SMrPnlNLBcgKe+Iyds/Vdsqiyfppdy7E0VYdoNj4I7g=","ac5Z4seVbLe5kFSE+A9CuPnkfy8viKYyD2fy7lxULJs="],"block_size":4096,"path":"scripts/background-process.js"},{"block_hashes":["g4b95mcRlO4EK+Q6mwAmTFajiTgUrSpq9RxMLcm6K9g=","9n6s+IAMWew/uObQF2TE/t5vLet/5AOvD46yoymyuYU=","4OM0TTREXZRhCyjwqxzZqrnQ7IamzPYgvyRkqEmXgDg=","NrDapoP24DtyInKnW5J7kMMiYwSa8kD8KrIDrfZsMLE=","Rv7M+1ELXNZ6ZuZ8oWBMl58GIBDYs6h6bJp5ybNXXR0=","GB5r0uv0bC7tLxTqQAGmTf9RAF/Dkj1qQCJW23o9hdY=","KxoQ7GOj07teUjRVnOgL+Yk0ClISSJAPJJrhY5E6Foc=","Hvfj6i3qfWahlYuz6VNP7GyuZOYzCsrYviiQqd6lbKQ=","O0InZI6DiB/DISp+X2UlPklAqY74acalD9T0xNd7nVo="],"block_size":4096,"path":"scripts/enable-tooltip.js"},{"block_hashes":["6TjmxQKdbIpW3e4TJ0ieCp2GPfiEyyr+TPd8fc1gtq0="],"block_size":4096,"path":"scripts/get-tab-info.js"},{"block_hashes":["dsyEbFVqOK5US6qa1NFLSxTYdlr1chCHw5DZKUzz2hs=","c02eBWKGQ801Fos/HRoYlwUfSK8c68Pd25K2NNLrZHs="],"block_size":4096,"path":"views/popup.html"},{"block_hashes":["4hsGXP4A3xIdXSzEycpluChAs+DHBSiuy8B1Z8BEs7s=","19lhfiTUYoNIa/3/u4/zFaGs1AmNpSUG1tUAyd6lRLU=","o9X79nA24hLEIR2/Zn3M94tA8w4ZhxRArNRZKZZ+Z04=","ZdC3ERtLct/5JPCMFkEREHT/tAo3m+/d77N/5V+JEWU=","6akUt9var1M4ZCOe6Ko3Q0BkYAuGRO0battZLG5Aagk=","TNzd31EchZDxdDluND9kNIJ2LevA8fK+ge7AX9co0wA=","Xzxy3IWav/h/ICtW0B/vrQIR9emXqrUeF2YjKv+bO+A=","JjaV0EYUfBsgTeuQnwhZRzF6SEWvFX1yi0nwtpFMxRc=","32yT44qMWOQCkVE4AfANQb8XPxBVnfyfAW1IucWsu14=","+zN/xXjPjpIrW7aOZPkVTVc+BHEKq/AW1rEGkR3ITR0=","yICJimmDrkDfmPQR1NC95XKIjSNoA8dOclxl5n77Omw=","6VBKxYlkXEBg9m/IqA2kS2ivzinDl1jw254oXW7bMu0=","Xd+FbGjT+srygp4jN9opT73qPrSxhQHasvyIcATqI8Y=","FDWneIgPnDl32rGibctuSI8cBMuRLntkY5Wh0bSSQk4=","aLAQffbunRJvRunZc+XWti7v81rFykjlgcawvPQD2WU=","OhWPRuMLGuik6sLcW7PE3wWYSobbeBVuS9k7FWVjfn0=","tjkJOgZJz7HzIACgNVPl+QKE9G70gBEG+URqUE6TDNE=","ENG4N30A5SqziUjn+JDnWuGabR/rEap/IYHNiJDojoI=","IrR0TrG9W/5OCziRTkomyVNErYCpJaMj1q4w43tFuBs=","xJiXlda+OImwHaUm0zVljDepafz/NCGe2OAxUnZNKNI=","6xonNMLxDry4EhV6wFOhC0JZVqAJRUVy0NAhmjIFUcA=","saQrihO7Ebdo75dtu7FvSYyu1XNOq1JiQ/n3YbKeVwM=","YWV5YyHQrqX1GB3ZNTdvs4ZxPWLTePV9D1aJlVUKmUU="],"block_size":4096,"path":"views/popup.js"},{"block_hashes":["r3CfUfJ88SXHiFGDxDAqOfMgZ8YPnpLceGv78wMDBbs=","Tp+wta/qdz8CEqObYgljKCjjrtJiBL4QEPqsIDHq2Dc=","rinKnaUz4mThWicrKZCSiJd9luyIeJhNdUDt6VJP4sI=","fi2/k1/8aoFUEcZWE0yzM/Js5I1+uCUJ2ZWk3vciqqk=","aaLkTO0J5XsjQl+Cwepja1pwoRNI1y1Bnv0K3Pq1yPU=","WN2o3jt97xBloYTF2QUS48krPetSrjBD2qjzbfi2Ue4=","WNi0TCTi/fU78Pxl/uTA9B2BHqZGdVDgpAH8gGGlSnE=","0/SBCcfHnsb3t6DeWL+FeqrS+G/kwOhwjWAE+3JFiMg="],"block_size":4096,"path":"views/settings.html"},{"block_hashes":["W6espPSMKLOwrO1U1ANIKQxZcZUnwKOJVSc+faizz3I=","VJv4k4MCy1ufkwb66o3V11BP5pCVdEvwvOc2oOapzBY=","dJZFS9MQ+DpOTlmw63j4ZObGb9pqG5qhEu04ioPNymA=","fKF445gon8wu8bOO2hITc3UWWqQ9rrBK0A0JIrHG30E=","XJGgisAZFdtoCkVr0cWTmXhX9WG/tSooynLLkafN4mo=","iNv6ayoVTkfaH3JirgL17hjU4ecxNe/CHrw/kHNEbSk=","TrXmXjy3GztRZ/TugKCNv+zqz58Z+vR5QxAMchbMY+I=","GTT+NCudtZJOjRCetbzHFSYw1Dn8ZtPP2Ue31N1mMt4=","HP1CzV6TyNS/wjtq/J1nKkYICKF6Jrv/Mp9yTu/CFfs=","3JT8WQlVsnPn4WOW8HHAgsCjpa1OBTyaHog3GR3W3Qc=","pBAepvsNeYf/Btj9PXIQkXSgDjFLcDosQB0JI1NzPf0=","yQtOApBfjuTqzsgCB+gz+yVc+t4EEkfmzhdXLjz9sq4=","1gEV/Il0/glcpDohTPglSMVE9HAOyFtjSJZMBp1Q0PM=","Cc9LGhSw0iiurixidghJMIV8TIkoz5XoIa8vEYq/K/U=","l4QtUypJmr/gST/VFinGSWLK9XxJIPYKXVNQNvw9tzs=","0/ZQPWFyZh7FqN8gNMx2C0J1XYofFopo2Hd7lc3XcWo=","r67BK1essd+Af9JS3oHfuwCfho4HeJgyW/gWlIZPRRY=","w/KZVl8IbaQlp731ZgNzrInRRlac++SQ3hUIfWmLLpw=","pLaqb93AFCA8Xyzwx8WZ+TmT5tDakdDdk0On34Wl+js=","bgYLbG06CaHKzbrBx/1nKKKY/hIlOQOPxwt8boFHiYQ=","YQiecNbUkCf20yqTdj+SYFe7NL5NYtDfs6lV0bztyvU=","YNe+wOesgyZNPsT1CWixc2BpvaTDQ3JpYAEsgyT6vb4=","AlgvXVF4mQPRLX4/YyWhT1heQd8eIbxIgoPdWX4uSqQ=","A2Yz+wZn+HdiLb/Sdv8hw4u//D3KNwuE3YsHNQnkuUY=","UGajaz50Q2bjbKb7tHdQroY9sxlXZ3PEUKLwVdUl3w0=","ZHd70sjZ6dvL+5EZdxkDdblg5FySHOLzC0zZBUym4Lw=","O4xjHZodYKyv1AVw3MpNwHaKFnhId7nOe0lVGS7oMls=","YUNRUgrkbEC7+u4dJ0BCd25tyaVrIljlB9WwCELk1Ac="],"block_size":4096,"path":"views/settings.js"}],"version":2}