{"file_hashes":[{"block_hashes":["wUfQSmJKZFyHuoMv5Vyti7ABEzvXp7SQ7QNORON35X8="],"block_size":4096,"path":"build/background.js"},{"block_hashes":["6uhtcJo5/Q0/17x2AZ+c/SodJB8gFEN1YYGB8y2NjkA="],"block_size":4096,"path":"build/contentScript.js"},{"block_hashes":["Ua9QTG0ZUcmzy5PUCLmtvzr/yMw8Zz/jYABY9P27FKc=","02nFW702B9mkrlQHSQdNlzZ7dok2oZMScFU7CWz4ApI=","GcFELm+rI6xIy43rKo9ojshNWlZ7U6L6dSBwn/FKynA=","NtHdbGwgOn4MDNVz75njOwUSsIFDcsa0TQ2hnHrobbg=","8SuCdjmcM2MDyCtiof3MRkeVnhYANacb6Idcc17Xc+k=","IM153roSO/6dVB6XW6FqBPTJ8MU3jEm/djfqenlpo2k=","7XWisUMHVw8MtVYCOmFZlxShAyGGtZF0HeklAumEjLM=","TEUVuDYVgZ2hb7TpBGZikWhnb8UxX5fN3/dru+m0GUQ=","ghTxYq7k/kMCoD0Mrs/rfDapAqg+dBixyRbMKduFfHc=","cT4RR+MtfPt3YVCfFv9k7vsMFr3LHxp+rVi14R4n7i0=","cmTGK+5vUf36pHeETK4Ml383oloOBLsRNB6DjZ8FR/0=","3UtVF3GEj4jDibKzUUj+CgZkc8C4YLAPK2g6dMHvdFw=","2KGahiE/WuT+SILhKpdxV60NI5st0MrKTJm5iwM+TkU=","Co8RVIbJcb0bWk4EYI2z/2ysE8NHTMayRA5UEGOxBT4=","1eZ3lT8kPyEWL82ukqS4DUFj+S99cGV3uHMR5wRnm/I=","qB5Y9DASeZohQDrGOlhFATnnMCRNIJGpBvW6tugfN7A=","QGmIzR+7i7yf7tMez5Mvgjx9cs3OV17hjzcD50T5vP8=","A1x0bYnyAE16tCuYIxjiYC57pO1Pb4msx11+1l1sjVw=","HoKzFDeecpJCvJbr0I2eh8VoaZb+jAQcWabxyDs5qSY=","pKc6Kvro0ZmIRx9lV63ai9XA34CTCWhQlvByS73+J+U=","7fMXnbzxAPRr5pPJAOCb6UgGvcgkqckMd84XfEBvrMM=","sPYiYlzN0ISLgzdfJnbqKplQri7fcIARwKtcoDvXMDo=","sJPcCLUyFTtZ+P8OD4DXz3f0PmKjWAMnLg7JEoPAr00=","5Qgzm9VCgdFqw99ea4NwCfltkIqZbDDzbz12OMxnRos=","ZdtFAdsRLO8u/PiS7Hm++7CKOTCJO1dnvl0C3kLlej0=","I6j5ajcTJt+CcJk/t8dXeXda0bHf+QVdLzH9Xv1fge8=","7A2ZCvCcYCoHLiJ05QeHDxuBl41HU0uq5ZhYasq//PU=","KlvoFLVQIHhJYTJGV53CpVy879nNmgSY+6ZCuLMvYbU=","LpeRJ3uNU0e46lWFgr9b7JNHZ2tpyKoEf/dcRYlS200=","APvkKeG2GVD69t+HQhHmF/PXEpY4gOkjgV5jXr7DpM4="],"block_size":4096,"path":"build/injectGlobalHook.js"},{"block_hashes":["pEn/OUyTB+t2UYcYFoAKCqiDihe6jo9PG3g3rZSZuQk=","qqR4IHFyGc5sqVwD93Rv/bHV9RJDCa+lLYjaGrOSiUQ=","cVYalxtapNHddBwG79jPTCTK1k0hs3u0toT7f7Zfj68=","UXS3QEPHOyeuKa57M2tMGRNuCGy1oHR/fsQES7NMpFc=","N61GTtALodmvSYXkhFW6TlUi+BYYACEJHNuqsBQXu2c=","N5s4Pc5IBgfY/PcWLCC1nlRIGqpiJf7tNp17UZE5QLI=","O2aT1ZTygIqjKAbkoW8tCMEJVB04T2KHZBSKf7uPUIA=","SHp72gHBiX1mvwc0Du922SAX/Vm/uwMn3PaMqNIDbgU=","jScnS712yRzm01JVLvZn6Yvk+H3mkzaJKBlyQBCsEUo=","Vxr/wzZwNCEdzvkHnNKDE/Nj3sQLcLheRscttp69B9g=","nfnGkV7AbWD7PmP03R7QbTCkF2ICUSd1SURY0dXNuGk=","eqq4eBi24+UA2WifTklYRuSem49/lKsgS725NH2sKuQ=","ry9wQpavR6NSjiiGFI72NTMaVzfEdM3KqJ7iJYBOsh4=","sjVS9+NYRsA1mSLtMcs5lKisTkDIlVie/i2Z3vs9qCo=","9YInSjtfYVIyI23aDyW3L1HDv5Es5JjUaLaNuZen+wU=","RCi5Q7ynq0+O9OGCn69W8sKxqPbFByQoteyOMOFyOgQ=","FZneOZipTTG4dZu0gtEBDW7+55T5hP1JSdiqrL9MkAk=","FtPSn/vcMvCcyfc3g7EnY7XhifhLmYmlGrb32KCRHSY=","0FskBivsMG55dClS5nqgomVf6sKP/XJ8RUJbFYSNf30=","ivT/V/ij+eMDiaCq6Ueo+rpDqyfrBA/WMSrtLI+/J30=","x4FShrpOrAqYI6oVazGyb5AtmpCq6XzjrXYfMpLR+mA=","IIJCJAvq4YMs8XcR19u6OmUnvItT78IqH8o81VFrnDg=","dfQQsMO2do8DOQONGIH+bOtEpHESXqOnakkLvv+FlW8=","oYPOguYO5tq8+Q+Z6jurUiJX5wRMyiz1JE5ahxkByXk=","nt1YaD1I5SYHsJti2ZMlHosDiwWiQ1JkzL66f2J0oTs=","Ly8qvgW25AzCpecmCpeIxnuK8OdxMBMqAGQSZ+iKiY4=","Kc8FxP+bXIot6zEWkjqe4gojaiBwei0pNyEMC6pSZEM=","ingjIMaXVcmaMt/QVhSiPNOEHbCYJvKIBtID1mnuads=","PLSLcXp3jsDu3iTvhbK0jlXsjN0wGrD2E96kt7xWcg8=","cEhlkqUlNW1rOCDMgcjx4w/2wke5EeFPneT7+CxSfwQ=","nZcUo3D5BtgxPJYhVKxxom2NiPKsOLHZbc98Gn6WZRg=","93eftDfURZipRkPeep33FYPOlhp/C5W00eGbiHioYFc=","F5ZuIC6+QRsVFM87Z+wLBGlyadsnnsTDgJJHJXcvtFk=","DPOj/bKsKwOgE0d6l1MkJ7RF1N8Ag+4JKCxPWfHqrxg=","mwHsCBTUCqxwILrFUJcYaicygcFmqMKHct1RcK6u2T8=","sU5MV+BBeq6VwVCyoUqTjG3DtHCYlWR0w/I11SuFPyU=","hHFPWijTXrqaDdKwnHZ4Rzxkcof9eD1CiK7KdXPZHAQ=","ESMP4pQzTdBpWK3OsjIKJv3IArmgJiURE9PxPKjDv4M=","1sERP2Gx623TVGuyKK64aeuIKw9cLGxNmcVzSUfrB78=","pAzWsABWdApc8NyWeKqzdH98SVaQE3U+1wJRrtx02sw=","LlE8Kvayp6QqWAEwRssHA23ioJxlxNrwHz4hVpp7veI=","+CMz15hfeyovDfirmFAvEgg5ZAjt7Pl59oXNqiVyMHU=","KOq3C4egq6kB04RfC1BUopSQVWykmkqnQHf3juZNZvA=","JxKgxMdLDNXC8K6HchUJh0Cx20EgdqmAM0j9NRD/pzQ=","vjGNlO6tq+1BJTnokfYMemDe3VMt+BGYXYQpdliybgI=","7GsaWwGmTEwrhJ4RNxdpER+I000Uxmn/WscnGUSCGMY=","Ic4oLRDX9lHi3wz4Mgl/2MXewB84xqSqRV1lWg4S8c0=","VAhTWDRpNb/G2r0By/pDRgMaVW2DedgKJB6uQzPtTsA=","At6+3speroprWFhOqG13H11XkJZ0cMEbr374jUgLeTs=","BstWcIjnjrfhWkm+Y3KmtSkOUNX/yrSwRjZc5qw+SGk=","zyxQvrXFR9Vor7Rk8E2pdz8zH/nAqepC6KQVScNCfYw=","lhrJsUUI58JhMJgGmz68dxryqxco85NMoH5fHsoKaX4=","47ysA1bwGVsUtkpp3voqu7W6ujz1WUInF6ww3vLnjCE=","jQKhFN4Scrx7fFLz0JiTfjUTPyFek3f6vh9z4KpDckk=","8WAsFzURZeUtFfbyOSknzFi3grITiY5ZlSnl+N1OuNI=","07ud8v5/z4GbjCD0loNAFZ88TEURs/8S5XJ8FSfItck=","PCAOxyUjkdwZ47GoNVELzmK/s/A9yT1wmo+ki7pOKso=","MyWI/KP++ElgWXIqamHtouQrLUOBVDaDLZia5AK0KrU=","q9+oDWBd0hKeqNxBOY53VHgg6uf5CFsUYqRIGdA1eQ4=","i7JAuiwSUJyd+VYOGYQCryM8fIJPR+xQuObxRh/vodU=","fgX9TuGv/IygNgv34SDUdFuHNnBqiC3JQ8Ep+i7cnXg=","5VuRM/pQiDJ4gZfAKN6yalEQ/eG7l3/clpHwxDqsxeU=","BCaQby92U5OYIGHs1yV0bLuDWLwsZexTsAFmh7oAvrM=","rQnj5H+RQPdBoOozGtkpTYKEEfbqz9iJYK4PuEhiTZ4=","W8pedvI1FB9B66WlFaYaelis9ZGW+/1DtBF/y/g3gXs=","btmSutHrbX6WCcLHnLkDFjS5mYn81en7IMETVnQ/hL8=","DEI/ZCFSONn5HjitESo56kdA9Aj4mL1jkb1IrWMuAJQ=","EpFsl4aR4LVURnt8Ap4s2b5ua0dWk8o9EgpP4pESCfc=","y2R2tUhMM5Og6otSdPHI3F8yK1aVMmV2NST0zuU4hag=","qMoOOog6jKZJyzlKps7LUeVS1CufgBJPFRh/BxB9uFw=","AVWuf4JvQ+XbPVEWjvskYG/tV+JIfOClZcY3IBFKQRo=","Ahk2NiZvStUXse8vdApObrcX6yYubLj7JR+BjVtNxNI=","O3mT9dPC8x/UFJLPLE5R6M0UbD6t88/qWaywXX1D2sE=","Y3jaLUks3u5jo6rw2+dDR33ewKQW7SsC2rJ9pIsRLNY=","KwdMthCQXVDRnASvK0ygrlrJZOVgkDvU7jcBJI8zqw0=","q67/2dt/AcNRuoMxuqZ3Laegvk3mvYEm44zLY1MTPVg=","D5vbO9nPQl8i7Bw0IpHRuNbqSaFqgqHQFOycCIhahfI=","XdVkaa1LHwfmR993M2PWh6SHBlLYy3lm/M8VVkEo3tI=","6kUYx2t50aD/0+y5qfLvZqTd9S4TCiaXCDnydk0tpXA=","/Itc6vWNj7OJkhlkL6DoJoqe/QcsjvwYgcvsHRU9BBc=","ErXP69M4XRoXYT1QXdcItYWD9tUg8iwF0kjs9Pt0eNo=","DJOzc66yQkM6wPkvnFu9aCB6suDWVhAN83yDKWRnux8=","p6VEzLx2fzSPKKMmaijP17kIPcf31304Lb/YD9qmFtc=","lV2ZUDuio7J5IDwSHzwSsPWeVS0eyftD/disW3y6S1A=","vXVOluWRzgk63qqoXNOShAymV79I371+E5BZWlo/GoA=","gLX4YGCRIEPFdjnpw9oI7D1N8iCnNeusn7RsEGiJFSU=","ShfoqX07ywYhoM98NfltAfCf8ColzgBsvC9IKtYmnYk=","0HzGeyWHkX7lpHskR60eM4/q3hlrGksoWvbQxd5vNuA=","KIksnTpeC9yy9w5y+bsdjYZaT9znuRhK6Zid74vrczE=","rIlZD0JY2OL6NWnQTC5+OEMBiyRDUBvX1dL5DQtXf+Q=","DoKFh12F95kZUOwQAQpiDfhBVghBJ3s8aDg3865HHQE=","QVRwBE12A5sW82ZYfsoAEm6txzUec3aKxFLWq+md52s=","BWlyL++0VNrv4bpgDh7rqFmFAcKEyiUh2TfICfYTmAs=","XLIP5H4XYyE+sfYi9amd9sadFQz6eTa7gtH79/+ImqY=","iOwKosMtbcmdOZXtaqrAIK6I7kg0fXgaKbxM0/QVX90=","16ICCgL6V0ZBwUKWQ9rnUWknVv/AEbDpz8sjQuhaR0E=","EzJAb26uKHV4UlQ82RDFYybCYm53VQC8VGleXU+d4So=","f57PopgiMx5MArS0Xf53cjWbLPbQKAzlxG0z+riku/Q=","yaWjEbqbMnDer66rVf7oxwcCKQzUDhDLNdULpYCwZhY=","MF1YoeRwzn337R3JIoejfe2CUCTcwHaHGo0yT19OzVU=","DIowHuWh5kI4IwFOrpKuFt9Spdc32iRAMJhtQ2r/zfY=","l2peipGgFFqOl29sjC4iUMcK1Ep0xM3x2at75C14d0g=","kVw/vtSDnxb2HdUu5BKda3jvECNEDvq5Suzuczh5uZo=","rkZqPASveo0GqVSNVVP0QmIh85wT/KPv4G46SbOISs0=","Vl4QS2NZE4cyh1e9tsD7h937jr7AU4ij6kWxT0pDk70=","JkP0mtVD16P+0BaoXWxgj7eVXbO2QZ0FL1z3OQ6m+kc=","k2lABKn0LB1oGKA5cAgoHaCdbBOArh6AaDObOqMNPtI=","f1wqXoonApDuLpa6w9rlxJSwQ4JR61ZdOpeuV1QmrzA=","EwSTONAUSz2e2a4XBQamPx510csBepUWJ6X/FKx4sxQ=","BR9UyofdBKgDSUFn6RxIpxHBadj6BYVzpU11eHrb5LY=","vpkaD4mcJYO56Ipq+hvt8SIczLo755w+Scax0Jxv3PU=","+Fzm3kh5SIOalQAzMoqTT2Bl1JPMIc+Pn8MOE3OtmGQ=","Ih4lp1a6CEi+7Aq66Hj/d+5bF0HkAlEtzQEwLnCmcvw=","qAzQNP+nmqRmzYdIJgAq3YIb0qp2eTrJTdofOn2DdTw=","zaj5MCYS38Ain8Q+pzS8oFvRNHPqm0gygm/pM2Ky/xs=","VtCpjau/boARxnmjlcN5cVuqqZVpiLDwal+ZA+Q6eok=","H8cHyT0D3x3AD3cdXAHA6VcJbcX8c3yOW0nX9+2DZZA=","srTepWHgwpij/6plmzDG1jYtwPgVUvSunO3hTpnB9IE=","MWgW5adISgrmOPUmk78bY8I2nI/cvagV+NI6Q37lW8U=","uMFi+JmpGTV2BaHVk9UHa4HKpPP31QT7pp0c1Ib5CZE=","48QZ5ecPepAX7ITjrkfDj+Wo9dVibfjZHqHwxoQmYx0=","mar/wmlXiuOBlC3X4rs9ku7/dVIL/5hIE/rh7KxnNY0=","0BbpmOTg65lu+9jH6BDWOIRBkDUW7xjpb5f+csoOjd8=","n2tI+AxOk5vG6SYYCGM6P78TkBuectNyfvABQGTGGSI=","vcZrUMeMFEE0mPKzU1tJ3abnaxJzB/lMRz2m34dH2q4=","UPvOuot88g3Hq8n06QxZgWkN91Oe7F09m6PN0FxuBwI=","qLQXju/zYPZsjbrTR7EylRdy89XdX7Y04BU1404Q96s=","aAcDMlT+X9dJI8cP1NKmibU2aH+yDOLpY8HmZz4Pu3Q=","Kpn8hnYUW9xYb22ZNnZ5xtMyMpti+GCVsW9RNouriMg=","zFc6L+3kA66c7eYH0G5GylNE6DWP6nbnoi/9HqziLD8=","LQXh5hDYOQu9Ey35Y5UGXVBzV/e/dSXxupsWB84brd0=","rUAZ6Sb0inoPOOQR2CVzrAYut0F3qUYHbPounq0irmA=","nMue/a9qblmX2wGF6KDVUh2kzrms8m6iM2+rTZHn8Qs=","Gn28C0gCrlZuRByyUPA1mNsloR3mJ7C0AjIeVqchijo=","YW+E7ncFKqQrTaIcdmGyRkXqOPLl1XrjZusOifa2S9k=","4fojzx6JCdXtHRhGWkAvP/WrHUtTSJ52a4jBSXX9WNY=","k9QKqblcvN6aYVDP0nhfQOTJ7uIjcw9Hh3dNUd+maCA=","jqLb0Omkg9jD0DHLfOs37WavhwdseF8qifQYzls4rRw=","g74UqoVe/tT/6tvspcx4SXMDJIbWVBBFK1+VeGuUsQA=","1RLqrY3nFSmpidCaYio1OJfmDfcUAhQRZeaocNO+Nt4=","zVT1lfjmYPzvUjIUwf3u+9Qa1g/xnwc6WaKoXMuFQbU=","W3JuuS1gSrmyYwNhlxuu7OQQEdG6ZmSOe4BEPUmhli8=","oZl1rBUZzLtVzfDt0OjbWvMXohRxNaL7EXlDzMWL9Zc=","u55ne0zEMMEeUgHIGflyZfdgxXxhIkW47IEXpE0/wa0="],"block_size":4096,"path":"build/main.js"},{"block_hashes":["sQcTtXtnw35xVDSMBX02x9JkOek+WdVQe63JxWfJRpg="],"block_size":4096,"path":"build/panel.js"},{"block_hashes":["lnUi5Zf8c/6QP2ePs/Eur8S/09WK6Mfs5/zZ7cHeSKo=","XsCEajiFkSUnNBb2ngdhvwyBICyER1uNyAmLKejuYCA=","65eV70M9X/f44uWMIdRjKB1RXfiR7uY4xmQ5zRRliSA=","SCmRop0AUMg5QhzUR0tWBjpc9P/kQ7IOr+wX1EeF9ac=","xqpJtBqXkzXRG2vJcHWaEniy/v0Vq5BkS0D9VWkcxjc=","Oe00DU6Ig4hpc7f60KU8qC4NjtlKD44MB5lP89eRcA8=","IjOUDrtS7uvV1pPlRQXc70mLqyKzaExrS6Z2xFFfWbk=","kf4W5Qfn16k4YbKuz2dYwoC5BuM8OtB6sWYivD3IS6U=","nm3VhMgaNdDJgmUg82rE0gVGJPu3fbd0NrPZZIChQ7w=","LGMAMKC2+YSIyxv9fO2U0XrdZvHKHoONUxH7140cO7M=","RGY+P7DCrXqHbRUdYOO6FWmqD0cB0stKiKp3ckHBMgI=","4yE+1l4/tlbX5asgb47EL0BdFHXxf6x9qYDhU7OJE5g=","ZUAWJ6eUq927KI9wJGoZJwryupRvcEqp8tVMJIsYz5E=","9ShgbymXUGXwLxub0Jrk/fPP9kic+OcOIz0WDjIqD4M=","2gPcJnZttEqWAs35oDdqZNFeuoey2UM2peW/capQjSE=","HNVGN2xuoSumxr/tfO3H0h61SRH5un0UUsZLLXEVeYE=","euZrCEXJIPU8sz7YjZAsuu8ZwiJ3tV8ZKIuXSyhuVr4=","F7sFrn/XBvzK6IHblAj3izgRwKOYUb9A45NYjStTp/Y=","cUSR3RcM+walliyYMHF3BqQ9CSZAWkTpNk04WJPklhQ=","L3iQR95i2YWL3OBgfv7DLZs5CqifF32smNmyX0dddqs=","gonauN04aKOsVxbcbQa6LUvoXX1dplelvbCrFazg7PE=","/RT6RJstmiIFeAbesuOJER6SumjFJWUT7kQI8PW7/uI=","+3JDwB+Q+jyLUwmXvol6A5dWXLeflWuWllUYTyzTBu4=","v4BS3MgV/ct9WQwORERir+on9bioW+XAhPRR1eBPlcs=","Kt/t+RzFRi79bpr0mvrx7yPuCiKeyf/7DHDZKKDm6zM=","v2EekE2MEDtd1rvbRIzsUKCFQANhhy7c6+iG3gijTlk=","N9ZrYShRg1uAIDXXmQQCkXzlOf08w3JzhhPY3OBUX5o=","VhplFUDZGIu6j92O4sqwo1/l9V+40+pQLT25JCDCRo4=","zrpYpfW0zE6QNy7Egj0fy0YCsluSqkIduMWfvAaouw8=","dkj7w6SoDhLfulgdH5jpDN//auhPWciFxw2zYcKAwho=","ZGnSW8F7wk72gLNN0T3+Oyq3V7AHqq+8bZZ6JqJ2eT8=","stQt70fUY1ADtq0sP6S6jX3vfUAivppPsX2VBQbenN8=","5qQufBjK+h5fiKHEj9Ist92YKUb3IlAWvL8NBp4lI/I=","5S18MWUWMnPftth6qwWEd9C6m31cdAZF20OIBOq28FQ=","cetPbIvO3sHVU289zgxyYvMoOUKiQ9YONE3TBnwIEds=","atiK9R43s4pnt3Ehy2+Rd5f0q+v2gW3Fp4I0PBkJSZY=","XbN+8DEnNl+kC8+EuVOEPILqC6pN0i1UvDimeFA23AA=","KN4JRah0uuDIHJC9UPZ1bLkB0GzEBe1DEhjTAkT/ulA=","EFA1/OUNXmMuXnoVd3vLHSOVVohuv8SUczNWBTXrWgQ=","mVeKzDvvGBh1zsg7trBd7EHGwIX1PE1N19RsrXNBRJI="],"block_size":4096,"path":"build/react_devtools_backend.js"},{"block_hashes":["SS5uwh3fdrySjurog3rSdJWU3bASaLuealTeUTWuR/Q=","ykPqS+b0u5pUvAxNY3YX7KYEn4lylsxAYKhbT3MjAL0=","Pq8UKzYqTq4S5SXlKm2j6fxZOdtRp3LYy6/2ri3eUro=","NtHdbGwgOn4MDNVz75njOwUSsIFDcsa0TQ2hnHrobbg=","4PwsCw93yh4DXYiA8nBh2NImbrS4S6O+cy+h5AVW2xg=","ZnGxbifx8xpkNPFzl2D6LHE1aJdl4pI3jnbo+rvzWrc=","GHytTFk0TeaZI2twcZOJHT6A5hjLcLfXrU5jBChGoYA=","tvQ6ZtLgDqm+2sokHrWPyxCZOMSsXzG6ldF2ovviLBY=","raT3JLac0f57tRuncs5SoN+m+CDRJWFuQHKM0AUO+Dk=","C5HQZemTT99CT4EI4zGQDKT0HYXmkyZWZ/+81CrBDao=","V8T3UxiUfGYXt/oTyBXVQG06nlqsF18Tz4e3SYLIZoc=","Uf/dr8YsfiDTzRd0xkNyg7rk1105NXViwgteZFML8l4=","qVnf6vTFmDloMHezm5mpohVvxEUf4W3ZLxKyy/lGRiU=","fxdTttbDzbQjlpDEryKIcWfcDO7WBxF7W/1zyRc3Ut4=","ADxYZY0j00yzcHaZeNs9ivc43/9k0IxmNEzWnDe7qZ8=","AwPIUkFuJ9mV5DuHN8HYcVxpZbOyAvjRIGM790TwDZE=","VfB7d0KPFMAerROEN2n80EzLWAU+7d3ol+3JJGOAt38=","40v/1wfbGuXXFAChMTiIb0vs4oMvyxEY/WxsSwS/SvY=","Mhfr89dfvq3v8I7uLoPy5ZLvOWuFd9dnqne89MSn3NI=","pKc6Kvro0ZmIRx9lV63ai9XA34CTCWhQlvByS73+J+U=","7fMXnbzxAPRr5pPJAOCb6UgGvcgkqckMd84XfEBvrMM=","DwW+C4FElA0p9BJ764YnkbQTpw7nslsStOF0m+FRfrs=","sJPcCLUyFTtZ+P8OD4DXz3f0PmKjWAMnLg7JEoPAr00=","5Qgzm9VCgdFqw99ea4NwCfltkIqZbDDzbz12OMxnRos=","1hCpaTjclJG+E03LaW1lYN0gtHmnl5v89MXkbC7Ejaw=","IRVlAMMGQ9MoJEqHYH0NByPxiIb6GIX/hzlRHnjgKQ0=","SJ2ZyqavGItv45tzOs4gkTI1a8y9fvKGheODQRbE3VE=","vGYkaEMIxRiiJ8+dgv/AMcJvevJ7VAMFM6SMeYt0KZc=","cUSQz44VWC9clRRplQL4T16oM60tOq2Qchv8wBtW6Cc="],"block_size":4096,"path":"build/renderer.js"},{"block_hashes":["0WTveHSmUeTH421fRTviI8iDjkFwqvSP/ZrygTnn9Jw=","jluXLKeIDib585A6U3L9OuR6achfXG7jkQKTaWss4Lg="],"block_size":4096,"path":"icons/128-deadcode.png"},{"block_hashes":["0WTveHSmUeTH421fRTviI8iDjkFwqvSP/ZrygTnn9Jw=","jluXLKeIDib585A6U3L9OuR6achfXG7jkQKTaWss4Lg="],"block_size":4096,"path":"icons/128-development.png"},{"block_hashes":["o48eP1/U+UzYPhyduXRBFq4ENdhDJXgIayXQZKhEQE4=","PCo9+9BpXREZrg2b1B35OB0d31pPebAj8u+mKC/kDvg="],"block_size":4096,"path":"icons/128-outdated.png"},{"block_hashes":["0WTveHSmUeTH421fRTviI8iDjkFwqvSP/ZrygTnn9Jw=","jluXLKeIDib585A6U3L9OuR6achfXG7jkQKTaWss4Lg="],"block_size":4096,"path":"icons/128-unminified.png"},{"block_hashes":["/bxiVxniBpe1DnBH1tk4CjXdajwxkP3hRnpHd5DALEI="],"block_size":4096,"path":"icons/16-deadcode.png"},{"block_hashes":["/bxiVxniBpe1DnBH1tk4CjXdajwxkP3hRnpHd5DALEI="],"block_size":4096,"path":"icons/16-development.png"},{"block_hashes":["/EWeZHyZk064lP2X/cY2GpquGBHjzCqNy3Vtsv1/5aE="],"block_size":4096,"path":"icons/16-outdated.png"},{"block_hashes":["/bxiVxniBpe1DnBH1tk4CjXdajwxkP3hRnpHd5DALEI="],"block_size":4096,"path":"icons/16-unminified.png"},{"block_hashes":["99Z6YdK/lL9iQYyMUHIpOVRSWJ6nYAD62lxRCk0/dSI="],"block_size":4096,"path":"icons/32-deadcode.png"},{"block_hashes":["99Z6YdK/lL9iQYyMUHIpOVRSWJ6nYAD62lxRCk0/dSI="],"block_size":4096,"path":"icons/32-development.png"},{"block_hashes":["BVKH+nq22PyP7Kf/eAqXx7U3S9g32F+p+lqUQ56pFl0="],"block_size":4096,"path":"icons/32-outdated.png"},{"block_hashes":["99Z6YdK/lL9iQYyMUHIpOVRSWJ6nYAD62lxRCk0/dSI="],"block_size":4096,"path":"icons/32-unminified.png"},{"block_hashes":["gGrqVraNIx7bz3IZm3t1BqopXHTTAOmwFSxzqtXhfB8="],"block_size":4096,"path":"icons/48-deadcode.png"},{"block_hashes":["gGrqVraNIx7bz3IZm3t1BqopXHTTAOmwFSxzqtXhfB8="],"block_size":4096,"path":"icons/48-development.png"},{"block_hashes":["xtV8STAVn6W52Yp9h2qtwGrGrW9x+71GE4QFg26zFoo="],"block_size":4096,"path":"icons/48-outdated.png"},{"block_hashes":["gGrqVraNIx7bz3IZm3t1BqopXHTTAOmwFSxzqtXhfB8="],"block_size":4096,"path":"icons/48-unminified.png"},{"block_hashes":["rMZnMyVDzUkQl7KB/TW9Sb9DV2jUyyq49Xl0AHJ1YxM="],"block_size":4096,"path":"icons/deadcode.svg"},{"block_hashes":["rMZnMyVDzUkQl7KB/TW9Sb9DV2jUyyq49Xl0AHJ1YxM="],"block_size":4096,"path":"icons/development.svg"},{"block_hashes":["J5MQwt/ocfP2qHXvPVz7iSLTf67rnBJ+wxKu6+HFHNM="],"block_size":4096,"path":"icons/disabled.svg"},{"block_hashes":["193k33vjSLNB1NgMqH4i+R76axGyy+UmUTSIbhZvSJI="],"block_size":4096,"path":"icons/outdated.svg"},{"block_hashes":["EPxpqHAOHG9pQKG1rXzTIfcvq/jMF1SLQGx5oTdbaP8="],"block_size":4096,"path":"icons/production.svg"},{"block_hashes":["s79DjXDmvx7mgrHVMrjhwrg4Y7IF2wbnQLDruCKhTYM="],"block_size":4096,"path":"main.html"},{"block_hashes":["IBOJOrDxkA2AFuIHOB2A2e+8h1EhWVG5FOUWpK3TIH4="],"block_size":4096,"path":"panel.html"},{"block_hashes":["tY9nebihaW1ci6Sp145Q4Lzg4domea0HN2DViOaR1wk="],"block_size":4096,"path":"popups/deadcode.html"},{"block_hashes":["TMglvEuiHNawPnQ8So63R8ZGLJEbMBysgMn2nIHHOeg="],"block_size":4096,"path":"popups/development.html"},{"block_hashes":["rykbMMLQs9Ot4RZSYAvXH5krR0O/6Xj1GYOpoZWEHO0="],"block_size":4096,"path":"popups/disabled.html"},{"block_hashes":["t/JRhu72t1uCSI+kb3Z2BUbjMo5PQA+eMDzW2qYU+qw="],"block_size":4096,"path":"popups/outdated.html"},{"block_hashes":["OjKcAlBNs0ff9W+0OyRXnZ3QafqG5Qte+QpSChpgqFY="],"block_size":4096,"path":"popups/production.html"},{"block_hashes":["AL5S+xVzC+PtK0/BeGFUZ6w05nbr+2+wO0Rz6PQDY5s="],"block_size":4096,"path":"popups/shared.js"},{"block_hashes":["UfWEBughXP6z3U2eK1LryzJTBr2aNnuoToqTSQpvFLo="],"block_size":4096,"path":"popups/unminified.html"}],"version":2}